Timestamp,Timestamp
1633003200,1633003201
1633006800,1633006801
1633010400,1633010401
1633014000,1633014001
1633017600,1633017601
1633021200,1633021201
1633075200,1633075201
1633078800,1633078801
1633082400,1633082401
1633086000,1633086001
1633089600,1633089601
1633093200,1633093201
1633096800,1633096801
1633100400,1633100401
1633330800,1633330801
1633334400,1633334401
1633338000,1633338001
1633341600,1633341601
1633345200,1633345201
1633348800,1633348801
1633352400,1633352401
1633356000,1633356001
1633359600,1633359601
1633363200,1633363201
1633366800,1633366801
1633370400,1633370401
1633374000,1633374001
1633377600,1633377601
1633381200,1633381201
1633384800,1633384801
1633388400,1633388401
1633392000,1633392001
1633395600,1633395601
1633399200,1633399201
1633402800,1633402801
1633406400,1633406401
1633410000,1633410001
1633413600,1633413601
1633417200,1633417201
1633420800,1633420801
1633424400,1633424401
1633428000,1633428001
1633431600,1633431601
1633435200,1633435201
1633438800,1633438801
1633442400,1633442401
1633446000,1633446001
1633449600,1633449601
1633496400,1633496401
1633500000,1633500001
1633503600,1633503601
1633507200,1633507201
1633510800,1633510801
1633514400,1633514401
1633518000,1633518001
1633521600,1633521601
1633525200,1633525201
1633528800,1633528801
1633532400,1633532401
1633536000,1633536001
1633539600,1633539601
1633586400,1633586401
1633590000,1633590001
1633593600,1633593601
1633597200,1633597201
1633600800,1633600801
1633604400,1633604401
